,author,content,description,publishedAt,source,title,url,urlToImage
0,Darrell Etherington,"Global academic science and tech startup accelerator program Creative Destruction Lab (CDL) is adding a dedicated stream to its existing areas of focus, which include AI, health sciences, space, quantum computing, blockchain, energy, and oceans. The new addit… [+2394 chars]","Global academic science and tech startup accelerator program Creative Destruction Lab (CDL) is adding a dedicated stream to its existing areas of focus, which include AI, health sciences, space, quantum computing, blockchain, energy, and oceans. The new addit…",2020-04-06T17:01:09Z,"{'id': 'techcrunch', 'name': 'TechCrunch'}",Creative Destruction Lab launches a new startup program dedicated to COVID-19 response,http://techcrunch.com/2020/04/06/creative-destruction-lab-launches-a-new-startup-program-dedicated-to-covid-19-response/,https://techcrunch.com/wp-content/uploads/2020/03/GettyImages-1208040947.jpg?w=600
1,World Politics Review,,REUTERS/Alexandre Meneghini Cuba's longstanding efforts to promote its healthcare system has seen a boost as its medical professionals deploy abroad to aid the fight against the coronavirus. The US and right-wing governments in the region have tried to put mo…,2020-04-12T23:23:17Z,"{'id': None, 'name': 'Worldpoliticsreview.com'}","How COVID-19 is revitalizing Cuba's medical diplomacy, even Trump's 'maximum pressure' aims to shut it down",https://www.worldpoliticsreview.com/trend-lines/28671/how-the-covid-19-pandemic-is-revitalizing-cuba-s-medical-diplomacy,https://i.insider.com/5e93a08b15ea4b1532749ef2?width=1200&format=jpeg
2,MENAFN,"(MENAFN - The Conversation) Dr. Rick leBrasseur is an Associate Professor of Landscape Architecture at Dalhousie University within the Department of Plant, Food and Environmental Sciences.
A licensed landscape architect, environmental psychologist, researche… [+3095 chars]","(MENAFN - The Conversation) Dr. Rick leBrasseur is an Associate Professor of Landscape Architecture at Dalhousie University within the Department of Plant, Food and Environmental Sciences.
A licensed landscape architect, environmental psychologist, researcher…",2020-03-25T03:35:58Z,"{'id': None, 'name': 'Menafn.com'}",Richard leBrasseur - MENAFN.COM,https://menafn.com/1099907925/Richard-leBrasseur,https://menafn.com/updates/pr/2020-03/24/TC_4ec67022-eimage_story.jpg
3,graemebenjamin1,"The Nova Scotia government is making sure tenants impacted by the COVID-19 outbreak cant be evicted, while also committing $1 million to food banks across the province.
The announcements were made a press briefing in Halifax on Thursday, which was held virtu… [+4043 chars]","N.S. bans evictions while committing funds to Feed Nova Scotia, income assistance Global News One person in N.S. hospitalized as a result of COVID-19 CTV News NS, NB pharmacies restrict medication fills to avoid shortages during COVID-19 Global News N.S. boos…",2020-03-19T20:31:31Z,"{'id': None, 'name': 'Globalnews.ca'}","N.S. bans evictions while committing funds to Feed Nova Scotia, income assistance - Global News",http://globalnews.ca/news/6701640/n-s-bans-evictions/,https://shawglobalnews.files.wordpress.com/2020/03/press-briefing.png?w=720&h=379&crop=1
4,"Doug Schmidt, Windsor Star","We estimated 10 or 11 per cent of the population would panic-buy, and theyre doing that right now but itll soon pass, said Charlebois, senior director of the Agri-food Analytics Lab at Dalhousie University in Halifax and known as The Food Professor.
The food… [+1196 chars]",Viral virus video highlights COVID-19 panic shopping in Windsor Windsor Star COVID-19 panic buying hits grocery stores across Canada CTV News Grocery stores hit with Coronavirus COVID-19 shopping surge: grocery store chain owner Scott Karns PennLive.com Coron…,2020-03-14T01:25:10Z,"{'id': None, 'name': 'Windsorstar.com'}",Viral virus video highlights COVID-19 panic shopping in Windsor - Windsor Star,https://windsorstar.com/news/local-news/viral-virus-video-highlights-covid-19-panic-shopping-in-windsor,
5,,"TORONTO (NEWS 1130) — Grocery store shelves across the country are being emptied by those concerned about the spread of COVID-19, with toilet paper and canned goods being some of the hottest items.
According to a food expert, there is no reason to panic as C… [+1041 chars]",Experts: No reason to panic as shelves seem bare amid virus concerns CityNews Vancouver Coronavirus Panic In Montreal Leaves Grocery Store Shelves Empty & Here's Metro's Solution MTL Blog Capturing the coronavirus mood through one Toronto grocery store The Gl…,2020-03-14T15:50:52Z,"{'id': None, 'name': 'Citynews1130.com'}",Experts: No reason to panic as shelves seem bare amid virus concerns - CityNews Vancouver,https://www.citynews1130.com/2020/03/14/no-reason-panic-shelves-bare-amid-virus-concerns/,https://www.citynews1130.com/wp-content/blogs.dir/sites/9/2020/03/13/emptyaislesaveon1.jpg
6,Alexander Quon,"Nova Scotia has announced a pair of funds that are meant to help workers and small businesses in the province.
Premier Stephen McNeil announced the two $20-million funds during a provincial update on Thursday.
The first is known as the Worker Emergency Brid… [+3597 chars]","Nova Scotia extends coronavirus state of emergency, announces new support funds Global News 'This does make me nervous': N.S. reports biggest one-day spike of COVID-19 cases CTV News Atlantic Canadians call for rent freeze during COVID-19 pandemic Global News…",2020-04-02T19:45:33Z,"{'id': None, 'name': 'Globalnews.ca'}","Nova Scotia extends coronavirus state of emergency, announces new support funds - Global News",http://globalnews.ca/news/6768024/nova-scotia-state-of-emergency-april-19/,https://shawglobalnews.files.wordpress.com/2020/04/stephen-mcneil.jpg?quality=70&strip=all&w=720&h=379&crop=1
7,joshkelliott,"A bit of geeky jargon has become a rallying cry in the fight against the novel coronavirus, as people around the world try to “flatten the curve” by doing the little things necessary to stop the spread of the virus that causes COVID-19.
The term comes from p… [+7722 chars]","Flatten the curve: How one chart became a rallying cry against coronavirus Global News 'Flattening the curve' on COVID-19 pandemic numbers, explained CTV News Here's Why Everybody's Talking About 'Flattening The Curve' HuffPost Coronavirus outbreak: Social di…",2020-03-12T19:27:34Z,"{'id': None, 'name': 'Globalnews.ca'}",Flatten the curve: How one chart became a rallying cry against coronavirus - Global News,http://globalnews.ca/news/6665558/coronavirus-flatten-the-curve/,https://shawglobalnews.files.wordpress.com/2020/03/flatten-the-curve.jpg?quality=70&strip=all&w=720&h=379&crop=1
8,Science X staff,"An international study recently published in the journal Nature, led by KAUST Professors Carlos Duarte and Susana Agustí, lays out the essential roadmap of actions required for the planet's marine life to recover to full abundance by 2050.
The project brings… [+4918 chars]","An international study recently published in the journal Nature, led by KAUST Professors Carlos Duarte and Susana Agustí, lays out the essential roadmap of actions required for the planet's marine life to recover to full abundance by 2050.",2020-04-01T15:00:04Z,"{'id': None, 'name': 'Phys.org'}",Landmark study concludes marine life can be rebuilt by 2050,https://phys.org/news/2020-04-landmark-marine-life-rebuilt.html,https://scx2.b-cdn.net/gfx/news/hires/2020/landmarkstud.jpg
9,Darrell Etherington,"Global academic science and tech startup accelerator program Creative Destruction Lab (CDL) is adding a dedicated stream to its existing areas of focus, which include AI, health sciences, space, quantum computing, blockchain, energy, and oceans. The new addit… [+2394 chars]","Global academic science and tech startup accelerator program Creative Destruction Lab (CDL) is adding a dedicated stream to its existing areas of focus, which include AI, health sciences, space, quantum computing, blockchain, energy, and oceans. The new addit…",2020-04-06T17:01:09Z,"{'id': None, 'name': 'Yahoo.com'}",Creative Destruction Lab launches a new startup program dedicated to COVID-19 response,https://finance.yahoo.com/news/creative-destruction-lab-launches-startup-170109982.html,https://s.yimg.com/uu/api/res/1.2/n7c96SPPxTCYllbkTl0OXg--~B/aD0zNDU2O3c9NTE4NDtzbT0xO2FwcGlkPXl0YWNoeW9u/https://media.zenfs.com/en/techcrunch_350/8f2736babc50a7f2093dfb1499102454
10,marcmalkin,"Ellen Page is now calling the shots from behind the camera.
The “X-Men” star makes her directorial debut with “There’s Something in the Water,” the new Netflix documentary she co-directed with Ian Daniel about the impact of environmental racism on marginaliz… [+2634 chars]","Ellen Page is now calling the shots from behind the camera. The “X-Men” star makes her directorial debut with “There’s Something in the Water,” the new Netflix documentary she co-directed with Ian Daniel about the impact of environmental racism on marginalize…",2020-03-26T16:33:15Z,"{'id': None, 'name': 'Variety.com'}","Listen: Ellen Page on Directing Netflix Doc, Justin Trudeau and Donald Trump’s Environmental Records",https://variety.com/2020/film/news/ellen-page-documentary-trudeau-trump-1203545577/,https://pmcvariety.files.wordpress.com/2020/03/ellen-page.jpg?w=700&h=393&crop=1
11,Rod Nickel,"WINNIPEG, Manitoba/OTTAWA (Reuters) - After failing to grow wheat in Canada’s subarctic Yukon territory 15 years ago, farmer Steve Mackenzie-Grieve gave it another shot in 2017. 
Thanks to longer summers, he has reaped three straight harvests. This spring he… [+4741 chars]","After failing to grow wheat in Canada's subarctic Yukon territory 15 years ago, farmer Steve Mackenzie-Grieve gave it another shot in 2017.",2020-03-23T18:55:26Z,"{'id': 'reuters', 'name': 'Reuters'}",Wheat in Whitehorse: how climate change helps feed Canada's remote regions,https://www.reuters.com/article/us-climate-change-canada-agriculture-fea-idUSKBN21A3AO,https://s3.reutersmedia.net/resources/r/?m=02&d=20200323&t=2&i=1507191267&w=1200&r=LYNXMPEG2M1UJ
12,,"WASHINGTON (AP) Older people remain most at risk of dying as the new coronavirus continues its rampage around the globe, but theyre far from the only ones vulnerable. One of many mysteries: Men seem to be faring worse than women.
And as cases skyrocket in th… [+6013 chars]",Age is not the only risk for severe coronavirus disease WJW FOX 8 News Cleveland Anosmia: The 'hidden' coronavirus symptom many young patients are developing Daily Star Smell test: Possible new COVID-19 symptom emerges SCNow Loss of smell may be symptom of ne…,2020-03-29T13:22:44Z,"{'id': None, 'name': 'Wgno.com'}",Age is not the only risk for severe coronavirus disease - WJW FOX 8 News Cleveland,https://wgno.com/news/tmw/age-is-not-the-only-risk-for-severe-coronavirus-disease/,"https://fox8.com/wp-content/uploads/sites/12/2020/03/20088655617852.jpg?w=1024&h=683&crop=1&resize=1280,720"
13,Mark Gollom,"While the coronavirus pandemic has prompted a shutdown of non-essential travel at the Canada-U.S. border, a number of provinces have also set up checkpoints at their borders to restrict traffic, raising questions about the constitutionality of such measures.… [+7751 chars]","While the coronavirus pandemic has prompted a shutdown of non-essential travel at the Canada-U.S. border, many provinces have also set up checkpoints at their borders to restrict traffic, raising questions about the constitutionality of such measures.",2020-04-06T08:00:00Z,"{'id': 'cbc-news', 'name': 'CBC News'}","Provincial border checkpoints barring entry, restricting travel raise constitutional questions",https://www.cbc.ca/news/canada/coronavirus-checkpoints-travel-restrictions-border-province-1.5522467,https://i.cbc.ca/1.5506472.1584976210!/fileImage/httpImage/image.jpg_gen/derivatives/16x9_620/nova-scotia-border-stops.jpg
14,Rosa Saba - Calgary Bureau,"Food prices are likely to rise while restaurant prices go down amid COVID-19 and a sinking Canadian dollar, according to a new forecast by the University of Guelph and Dalhousie University. 
The universities put out a forecast for food prices every December,… [+3133 chars]","Experts say food costs are under a lot of pressure, but that low oil prices are helping mitigate that pressure so far.",2020-03-31T14:35:57Z,"{'id': None, 'name': 'Thestar.com'}",Food prices set to rise amid COVID-19 crisis,https://www.thestar.com/business/2020/03/31/food-prices-set-to-rise-amid-covid-19-crisis.html,https://images.thestar.com/Er7Q49S7ThqZ1J9dqU5LuoQhDis=/1200x851/smart/filters:cb(1585667992028)/https://www.thestar.com/content/dam/thestar/business/2020/03/31/food-prices-set-to-rise-amid-covid-19-crisis/plexiglass.jpg
15,Alex Ballingall - Ottawa Bureau,"OTTAWA—Twelve weeks, maybe more. Maybe a lot more. 
That is the public estimate for how long Canadians will live with COVID-19 and the slew of restrictions in place to protect against the virus. 
But what if there is a way to loosen those restrictions for s… [+4301 chars]",Experts say it’s worth considering but still too early to say whether people can’t get infected twice or how long immunity lasts.,2020-04-03T21:19:00Z,"{'id': None, 'name': 'Thestar.com'}",Should Canada give out ‘immunity passports’ for people who have beaten COVID-19?,https://www.thestar.com/politics/federal/2020/04/03/should-canada-give-out-immunity-passports-for-people-who-have-beaten-covid-19.html,https://images.thestar.com/YgPhXuiuXw4Mj3hur_EW6dHU0mo=/1200x798/smart/filters:cb(1585950480726)/https://www.thestar.com/content/dam/thestar/politics/federal/2020/04/03/should-canada-give-out-immunity-passports-for-people-who-have-beaten-covid-19/passport.jpg
16,,"TORONTO Technology companies operating in Canada and specializing in remote work say theyre bracing for a spike in inquiries, sales and users amid an outbreak of a novel coronavirus.
They say their phones have been ringing constantly, sales teams are busy he… [+4320 chars]","TORONTO — Technology companies operating in Canada and specializing in remote work say they’re bracing for a spike in inquiries, sales and users amid an outbreak of a novel coronavirus. They say their phones have been ringing constantly, sales teams are busy …",2020-03-13T20:12:33Z,"{'id': None, 'name': 'Citynews1130.com'}",Remote work tech companies prepare for surge in customers amid COVID-19 outbreak - CityNews Vancouver,https://www.citynews1130.com/2020/03/13/remote-work-tech-companies-prepare-for-surge-in-customers-amid-covid-19-outbreak/,https://www.citynews1130.com/wp-content/blogs.dir/sites/9/2020/03/CPT14452172.jpg
17,VOA Learning English,"Older people remain most at risk of dying from the new coronavirus disease, COVID-19. The majority of people who get COVID-19 have minor or moderate sickness. But majority does not mean all. So, who else should be concerned about contracting severe, even dead… [+5405 chars]","Older people remain most at risk of dying from the new coronavirus disease, COVID-19. The majority of people who get COVID-19 have minor or moderate sickness. But “majority” does not mean “all.” So, who else should be concerned about contracting severe, even …",2020-04-04T21:58:05Z,"{'id': None, 'name': 'Voanews.com'}",Age Is Not the Only Risk for Severe Coronavirus Disease,https://learningenglish.voanews.com/a/age-is-not-the-only-risk-for-severe-coronavirus-disease/5355249.html,https://gdb.voanews.com/8468D3AA-5CD8-4282-B4E5-88E51CB1404D_w1200_r1.jpg
18,Darrell Etherington,"Global academic science and tech startup accelerator program Creative Destruction Lab (CDL) is adding a dedicated stream to its existing areas of focus, which include AI, health sciences, space, quantum computing, blockchain, energy, and oceans. The new addit… [+2394 chars]","Global academic science and tech startup accelerator program Creative Destruction Lab (CDL) is adding a dedicated stream to its existing areas of focus, which include AI, health sciences, space, quantum computing, blockchain, energy, and oceans. The new addit…",2020-04-06T17:01:09Z,"{'id': 'techcrunch', 'name': 'TechCrunch'}",Creative Destruction Lab launches a new startup program dedicated to COVID-19 response,https://techcrunch.com/2020/04/06/creative-destruction-lab-launches-a-new-startup-program-dedicated-to-covid-19-response/,https://s.yimg.com/ny/api/res/1.2/Mfuw5wsDy3M.H3NQeWZjFQ--/YXBwaWQ9aGlnaGxhbmRlcjt3PTEyODA7aD04NTMuMzMzMzMzMzMzMzMzNA--/https://s.yimg.com/uu/api/res/1.2/n7c96SPPxTCYllbkTl0OXg--~B/aD0zNDU2O3c9NTE4NDtzbT0xO2FwcGlkPXl0YWNoeW9u/https://media.zenfs.com/en/techcrunch_350/8f2736babc50a7f2093dfb1499102454
19,Ryan F. Mandelbaum,"Some stars have the element neon to thank for their ultimate, explosive demise, according to astrophysical research.
Astronomers love studying the life cycles of stars, including which stars die in which ways. Less-massive stars, like our Sun, expand and she… [+4583 chars]","Some stars have the element neon to thank for their ultimate, explosive demise, according to astrophysical research. More »",2020-03-31T16:40:00Z,"{'id': None, 'name': 'Gizmodo.com.au'}",How Neon Can Make A Star Destroy Itself,https://www.gizmodo.com.au/2020/04/how-neon-can-make-a-star-destroy-itself/,"https://i.kinja-img.com/gawker-media/image/upload/c_lfill,w_1200,h_628,q_90/lqrharz7efv3dzva55d3.jpg"
20,,A national modelling paper predicting the number of available ICU beds across Canada during the COVID-19 pandemic suggests that self-isolation will likely not be enough to keep demand from exceeding supply. It is published in CMAJ (Canadian Medical Associatio… [+2313 chars],A national modelling paper predicting the number of available ICU beds across Canada during the COVID-19 pandemic suggests that self-isolation will likely not be enough to keep demand from exceeding supply. It is published in CMAJ (Canadian Medical Associatio…,2020-04-08T04:00:00Z,"{'id': None, 'name': 'Eurekalert.org'}",COVID-19 critical care bed modelling study: potential shortage in Canada,https://www.eurekalert.org/pub_releases/2020-04/cmaj-ccc040820.php,https://www.eurekalert.org/images/EurekAlert_StackedLogo_RGB.jpg
21,,"1. Adding a measure of patient frailty to Medicare payment model could lead to fairer reimbursement for clinicians
Abstract: http://annals.
org/
aim/
article/
doi/
10.
7326/
M19-3261Editorial: http://annals.
org/
aim/
article/
doi/
10.
7326/
M2… [+5791 chars]","Researchers identified a way to measure frailty using patients' medical claims that more accurately predicts costs-of-care, especially for clinicians with disproportionate shares of frail patients. Adding this measure to Medicare's value-based payment models …",2020-04-06T04:00:00Z,"{'id': None, 'name': 'Eurekalert.org'}",Adding a measure of patient frailty to Medicare payment model could lead to fairer reimbursement for clinicians,https://www.eurekalert.org/pub_releases/2020-04/acop-aam033120.php,https://www.eurekalert.org/images/EurekAlert_StackedLogo_RGB.jpg
22,Dr. Binoy Kampmark,"Hoarding as moral aberration and ethical breach: the term has recently become the subject of scorn in coronavirus chatter.  In terms of mental disorders, it is characterized by persistent difficulty discarding or parting with possessions, though the Coronavir… [+6781 chars]","Hoarding as moral aberration and ethical breach: the term has recently become the subject of scorn in coronavirus chatter. In terms of mental disorders, it is “characterized by persistent difficulty discarding or parting with possessions”, though the Coronavi…",2020-03-22T18:42:16Z,"{'id': None, 'name': 'Globalresearch.ca'}","Moralising Hoarding, Panic Buying and Coronavirus",https://www.globalresearch.ca/moralising-hoarding-panic-buying-coronavirus/5707070,https://www.globalresearch.ca/wp-content/uploads/2020/03/CORON342342.jpeg
23,The Economist,"Apr 4th 2020
FLORENCE AND MEXICO CITY
WHEN THE number of patients mounts but the number of healers does not, whom do you call? That was the question for Giulio Gallera, the health minister in Lombardy, the Italian region worst hit by covid-19. The army was … [+4193 chars]",The communist island’s practice of exporting medical workers has a dark side,2020-04-02T14:54:53Z,"{'id': None, 'name': 'Economist.com'}",Cuba’s doctors are in high demand,https://www.economist.com/the-americas/2020/04/04/cubas-doctors-are-in-high-demand,https://www.economist.com/sites/default/files/20200404_AMP002.jpg
24,,"WASHINGTON (AP) Older people remain most at risk of dying as the new coronavirus continues its rampage around the globe, but theyre far from the only ones vulnerable. One of many mysteries: Men seem to be faring worse than women.
And as cases skyrocket in th… [+6123 chars]","Older people remain most at risk of dying as the new coronavirus continues its rampage around the globe, but they’re far from the only ones vulnerable.",2020-03-29T13:49:00Z,"{'id': None, 'name': 'Nbc4i.com'}",Age is not the only risk for severe coronavirus disease - WKRN News 2,https://www.nbc4i.com/nmw-coronavirus/age-is-not-the-only-risk-for-severe-coronavirus-disease/,"https://www.wkrn.com/wp-content/uploads/sites/73/2020/03/20088655617852.jpg?w=1024&h=683&crop=1&resize=1280,720"
25,"nobody@acs.org(""Benjamin Plackett, special to C&EN""), Benjamin Plackett, special to C&EN","If theres a watershed moment in the history of laboratory safety research, it may be the 2009 death of Sheharbano Sheri Sangji, a 23-year-old research assistant who died from injuries sustained in a University of California, Los Angeles, chemistry laboratory … [+8672 chars]","Researchers aim to supply evidence to save lives, persevering through lack of recognition and funding",2020-03-30T05:00:00Z,"{'id': None, 'name': 'Acs.org'}",Wanted: Data to make labs safer,https://cen.acs.org/safety/lab-safety/Wanted-Data-make-labs-safer/98/i12?utm_source=feedburner&utm_medium=feed&utm_campaign=Feed%3A+cen_latestnews+%28Chemical+%26+Engineering+News%3A+Latest+News%29,"https://acs-h.assetsadobe.com/is/image//content/dam/cen/98/12/WEB/09812-feature3-illus.jpg/?$responsive$&wid=700&qlt=90,0&resMode=sharp2"
26,,"BOSTON--(BUSINESS WIRE)--Racepoint Global (RPG), an independent communications agency specializing in driving conversations that matter for innovative brands, today announced the appointment of Bob Osmond as agency president. In this role, Osmond will drive t… [+2441 chars]","BOSTON--(BUSINESS WIRE)--Racepoint Global (RPG), an independent communications agency specializing in driving conversations that matter for innovative brands, today announced the appointment of Bob Osmond as agency president. In this role, Osmond will drive t…",2020-04-06T12:13:18Z,"{'id': None, 'name': 'Businesswire.com'}","Racepoint Global Appoints Bob Osmond as President, Expanding Agency Leadership",https://www.businesswire.com/news/home/20200406005013/en/Racepoint-Global-Appoints-Bob-Osmond-President-Expanding,http://www.businesswire.com/images/bwlogo_square.png
27,,"DARTMOUTH, Nova Scotia--(BUSINESS WIRE)--IMV Inc. (Nasdaq: IMV; TSX: IMV), a clinical-stage biopharmaceutical company (the Company or IMV), today announced that it is advancing the clinical development of a DPX-based vaccine candidate against COVID-19. Vaccin… [+9189 chars]","DARTMOUTH, Nova Scotia--(BUSINESS WIRE)--IMV Inc. (Nasdaq: IMV; TSX: IMV), a clinical-stage biopharmaceutical company (the “Company” or “IMV”), today announced that it is advancing the clinical development of a DPX-based vaccine candidate against COVID-19. Va…",2020-03-18T11:10:53Z,"{'id': None, 'name': 'Businesswire.com'}",IMV Inc. Launches Plans to Advance Clinical Development of a Vaccine Candidate Against COVID-19,https://www.businesswire.com/news/home/20200318005125/en/IMV-Launches-Plans-Advance-Clinical-Development-Vaccine,http://www.businesswire.com/images/bwlogo_square.png
28,The Associated Press,"Older people remain most at risk of dying as the new coronavirus continues its rampage around the globe, but theyre far from the only ones vulnerable. One of many mysteries: Men seem to be faring worse than women.
And as cases skyrocket in the U.S. and Europ… [+6419 chars]","Preexisting health problems also can increase risk of infection, such as people who have weak immune systems including from cancer treatment. The post Coronavirus Outbreak: Older people are at risk of dying but they are not the only ones that are vulnerable a…",2020-03-31T02:01:11Z,"{'id': None, 'name': 'Firstpost.com'}",Coronavirus Outbreak: Older people are at risk of dying but they are not the only ones that are vulnerable,https://www.firstpost.com/world/coronavirus-outbreak-older-people-are-at-risk-of-dying-but-they-are-not-the-only-ones-that-are-vulnerable-8208581.html,https://images.firstpost.com/wp-content/uploads/2020/02/screencapture-usnews-dims4-USNEWS-8adde28-2147483647-thumbnail-1280x853-quality-85-2020-02-03-09_30_012.jpg
29,Lilah Burke,"In many ways, the new coronavirus has wreaked havoc on the lives of college students, faculty and staff members. Many institutions have moved classes online and encouraged students to leave campus, creating a flurry of confusion, uncertainty and anxiety.
Mor… [+6328 chars]","In many ways, the new coronavirus has wreaked havoc on the lives of college students, faculty and staff members. Many institutions have moved classes online and encouraged students to leave campus, creating a flurry of confusion, uncertainty and anxiety. More…",2020-03-19T07:00:00Z,"{'id': None, 'name': 'Insidehighered.com'}",Colleges go pass/fail to address coronavirus,https://www.insidehighered.com/news/2020/03/19/colleges-go-passfail-address-coronavirus,https://www.insidehighered.com/sites/default/server_files/media/iStock-1098163324.jpg
30,Dan Robitzski,"Big Kaboom
Stars with a certain deadly elemental cocktail in their cores could be doomed to suffer an early demise.
If a star forms enough neon, a rare and poorly-understood chemical reaction can trigger a star-killing thermonuclear blast, Gizmodo reports. … [+1274 chars]","Stars with a certain elemental cocktail in their cores could be doomed to suffer an early demise. If a star forms enough neon, a rare, poorly-understood chemical reaction can trigger a gigantic, star-killing thermonuclear blast, Gizmodo reports. The unusual p…",2020-04-01T14:55:00Z,"{'id': None, 'name': 'Futurism.com'}",Poison in the Hearts of Stars Can Make Them Explode,https://futurism.com/the-byte/poison-hearts-stars-make-them-explode,https://wp-assets.futurism.com/2020/04/poison-heart-stars-make-them-explode-768x403.jpg
31,LAURAN NEERGAARD AP Medical Writer,"WASHINGTON (AP) Older people remain most at risk of dying as the new coronavirus continues its rampage around the globe, but theyre far from the only ones vulnerable. One of many mysteries: Men seem to be faring worse than women.
And as cases skyrocket in th… [+6356 chars]","Older people remain most at risk of dying as the new coronavirus continues its rampage around the globe, but they’re far from the only ones vulnerable.",2020-03-29T14:56:42Z,"{'id': None, 'name': 'Kwtx.com'}",Age is not the only risk for severe coronavirus disease - KWTX,https://www.kwtx.com/content/news/Age-is-not-the-only-risk-for-severe-coronavirus-disease-569201421.html,https://media.graytvinc.com/images/0329_coronavirus_testing_AP+3.jpg
32,AP,"Older people remain most at risk of dying as the new coronavirus continues its rampage around the globe, but they're far from the only ones vulnerable. One of many mysteries: Men seem to be faring worse than women.
And as cases skyrocket in the US and Europe… [+5908 chars]","Age is not the only risk for severe coronavirus disease Deccan Herald Loss of Smell, Taste Early Symptoms of Coronavirus, Reveals Latest Study News18 Loss of smell, taste early symptom of COVID-19, says report The Financial Express Have coronavirus and can’t …",2020-03-29T13:51:01Z,"{'id': None, 'name': 'Deccanherald.com'}",Age is not the only risk for severe coronavirus disease - Deccan Herald,https://www.deccanherald.com/science-and-environment/age-is-not-the-only-risk-for-severe-coronavirus-disease-818962.html,https://www.deccanherald.com/sites/dh/files/article_images/2020/03/29/iStock-1127458355-1585490338.jpg
33,AP,"WASHINGTON :
Older people remain most at risk of dying as the new coronavirus continues its rampage around the globe, but theyre far from the only ones vulnerable. One of many mysteries: Men seem to be faring worse than women.And as cases skyrocket in the U.… [+5997 chars]","Senior citizens undoubtedly are the hardest hit by Covid-19.While death rates fluctuate wildly early in an outbreak, Italy has reported more than 80% of deaths so far were among those 70 or older",2020-03-29T12:55:13Z,"{'id': None, 'name': 'Livemint.com'}",Age is not the only risk for severe coronavirus disease - Livemint,https://www.livemint.com/science/health/age-is-not-the-only-risk-for-severe-coronavirus-disease-11585485415796.html,https://images.livemint.com/img/2020/03/29/600x338/2020-03-12T183858Z_1407737147_RC2IIF9O8EG7_RTRMADP_3_HEALTH-CORONAVIRUS-BRITAIN_1585486437076_1585486486401.JPG
34,,"More mature folks continue to be most at possibility of dying as the new coronavirus carries on its rampage all over the world, but theyre much from the only ones susceptible. 1 of several mysteries: Males seem to be faring even worse than gals.
And as condi… [+7066 chars]","More mature folks continue to be most at possibility of dying as the new coronavirus carries on its rampage all over the world, but they’re much from the only ones susceptible. 1 of several mysteries: Males seem to be faring even worse than gals. And as condi…",2020-03-29T15:00:00Z,"{'id': None, 'name': 'Newsmax.com'}",Age Is Not the Only Threat for Severe Coronavirus Ailment - Mashviral News - Mash Viral,https://www.newsmax.com/newsfront/Virus-Outbreak-Most-at-Risk/2020/03/29/id/960406,https://mashviral.com/wp-content/uploads/2020/03/Age-Is-Not-the-Only-Threat-for-Severe-Coronavirus-Ailment.aspx.jpeg
35,IGV- News Desk Team,"The whole world is battling the novel coronavirus. But it seems India is fighting Muslims in the time of coronavirus, if we were to go by the loudest and most popular television channels and social media discourse. Corona Jihad was trending on April 1; on Apr… [+8991 chars]",A Communal Virus and Our Collective Irrationality India Gone Viral Tablighi Jamaat chief traced to Delhi's Zakir Nagar residence Times of India 12 Tablighi Jamaat attendees report themselves after Himachal Pradesh Govt's stern warning TIMES NOW At Delhi’s Cov…,2020-04-09T13:11:31Z,"{'id': None, 'name': 'Indiagoneviral.com'}",A Communal Virus and Our Collective Irrationality - India Gone Viral,https://indiagoneviral.com/news/2020/04/09/a-communal-virus-and-our-collective-irrationality/18002/india-gone-viral/,https://indiagoneviral.com/wp-content/uploads/2020/04/18002/a-communal-virus-and-our-collective-irrationality.jpg
36,,"The whole world is battling the novel coronavirus. But it seems India is fighting Muslims in the time of coronavirus, if we were to go by the loudest and most popular television channels and social media discourse. Corona Jihad was trending on April 1; on Apr… [+8999 chars]","A Communal Virus and Our Collective Irrationality The Wire Tablighi Jamaat chief traced to Delhi's Zakir Nagar residence Times of India 93 New COVID-19 Cases In Delhi Linked To Mosque Event, 426 Of 669 Overall NDTV News 12 Tablighi Jamaat attendees report the…",2020-04-09T09:19:02Z,"{'id': None, 'name': 'Thewire.in'}",A Communal Virus and Our Collective Irrationality - The Wire,https://thewire.in/communalism/coronavirus-india-muslim-blame,https://cdn.thewire.in/wp-content/uploads/2020/04/09143954/2020-04-09T074445Z_2_LYNXNPEG380JM_RTROPTP_4_HEALTH-CORONAVIRUS-SOUTHASIA-800x400.jpg
37,,"WASHINGTON (AP) Older people remain most at risk of dying as the new coronavirus continues its rampage around the globe, but theyre far from the only ones vulnerable. One of many mysteries: Men seem to be faring worse than women.
And as cases skyrocket in th… [+6074 chars]",It's not just age: Epidemiologists trying to unravel COVID-19 find underlying issues and gender play a large role in whether the virus is mild or deadly,2020-03-30T02:30:40Z,"{'id': None, 'name': 'Timesofisrael.com'}","Coronavirus hits elderly hardest, but risks abound for others too",https://www.timesofisrael.com/coronavirus-hits-elderly-hardest-but-risks-abound-for-others-too/,https://static.timesofisrael.com/www/uploads/2020/03/AP_20089776744279-1024x640.jpg
38,john,"Due to the coronavirus outbreak, many universities are moving activities online. This is a great opportunity to open up ACT2020 to a broader audience, with speakers from around the world. The conference will take place July 6-10 online, coordinated by organiz… [+4386 chars]","The conference Applied Category Theory 2020 will take place July 6-10 --- online, worldwide!",2020-03-24T04:22:34Z,"{'id': None, 'name': 'Utexas.edu'}",Applied Category Theory 2020 (Part 2),https://golem.ph.utexas.edu/category/2020/03/applied_category_theory_2020_p.html,
39,Sylvain Charlebois,"These are unprecedented times. As we deal with the current coronavirus pandemic, we find our regular routines and habits altered and disrupted. Not-so-graceful displays of panic buying have been seen almost everywhere. People have been impulsively emptying sh… [+3122 chars]","Sylvain Charlebois Politics, Americas It seems so. These are unprecedented times. As we deal with the current coronavirus pandemic, we find our regular routines and habits altered and disrupted. Not-so-graceful displays of panic buying have been seen almost e…",2020-03-31T13:35:00Z,"{'id': None, 'name': 'Nationalinterest.org'}",Will Coronavirus Make Everyone Cook Again?,https://nationalinterest.org/blog/buzz/will-coronavirus-make-everyone-cook-again-139197,https://nationalinterest.org/sites/default/files/main_images/2020-03-28T000000Z_1890738929_RC20TF99CRHE_RTRMADP_3_HEALTH-CORONAVIRUS-ZIMBABWE.JPG
40,"Kevin Quigley, Scholarly Director of the MacEachen Institute for Public Policy and Governance, Dalhousie University","A health-care worker prepares for the opening of the COVID-19 Assessment Centre in Ottawa, during a media tour on March 13, 2020. (THE CANADIAN PRESS/Justin Tang) COVID-19 is an emerging risk for which the consequences are still unknown. That the virus could … [+6937 chars]","As response to COVID-19 moves from a learning phase to an operational phase, lessons from the 2009 H1N1 pandemic can inform Canada's action plan.",2020-03-17T12:44:56Z,"{'id': None, 'name': 'Theconversation.com'}",Coronavirus: Canada's response hits a turning point,http://theconversation.com/coronavirus-canadas-response-hits-a-turning-point-133505,https://images.theconversation.com/files/320484/original/file-20200313-115094-1e0u7m5.jpg?ixlib=rb-1.1.0&rect=0%2C61%2C4430%2C2215&q=45&auto=format&w=1356&h=668&fit=crop
41,"Richard leBrasseur, Assisant Professor of Landscape Architecture & Director, Green Infrastructure Performance Lab, Dalhousie University","African Canadian communities in Nova Scotia use community green spaces like parks, parking lots and other open spaces to gather, celebrate and strengthen community ties. (Shutterstock) In February, a Nova Scotia MP introduced legislation aimed at tackling env… [+6533 chars]","Nova Scotia's African Canadian communities have grappled with racism for decades. By looking at community green spaces, we can see how they serve the community's unique needs.",2020-03-24T19:57:47Z,"{'id': None, 'name': 'Theconversation.com'}",Why Nova Scotia has to take environmental racism seriously,http://theconversation.com/why-nova-scotia-has-to-take-environmental-racism-seriously-132052,https://images.theconversation.com/files/321741/original/file-20200319-22590-101avcz.jpg?ixlib=rb-1.1.0&rect=44%2C299%2C5000%2C2500&q=45&auto=format&w=1356&h=668&fit=crop
42,LAURAN NEERGAARD AP Medical Writer,"WASHINGTON (AP) Older people remain most at risk of dying as the new coronavirus continues its rampage around the globe, but theyre far from the only ones vulnerable. One of many mysteries: Men seem to be faring worse than women.
And as cases skyrocket in th… [+6356 chars]","Older people remain most at risk of dying as the new coronavirus continues its rampage around the globe, but they’re far from the only ones vulnerable.",2020-03-29T14:55:21Z,"{'id': None, 'name': 'Kktv.com'}",Age is not the only risk for severe coronavirus disease - KKTV 11 News,https://www.kktv.com/content/news/Age-is-not-the-only-risk-for-severe-coronavirus-disease-569201421.html,https://media.graytvinc.com/images/0329_coronavirus_testing_AP+3.jpg
43,Victoria Heath,"In response to the global health emergency caused by COVID-19, weve seen an array of organizations, publications, and governments make COVID-19 related research open access. For example, the U.S. National Library of Medicine recently released the COVID-19 Ope… [+5740 chars]","In response to the global health emergency caused by COVID-19, we’ve seen an array of organizations, publications, and governments make COVID-19 related research open access. For example, the U.S. National Library of Medicine recently released the COVID-19 Op…",2020-03-27T14:51:45Z,"{'id': None, 'name': 'Creativecommons.org'}",Dr. Lucie Guibault on What Scientists Should Know About Open Access,https://creativecommons.org/2020/03/27/what-scientists-should-know-about-open-access/,https://d15omoko64skxi.cloudfront.net/wp-content/uploads/2020/03/22The-Chancellor-Rishi-Sunak-visits-a-coronavirus-testing-laboratory-in-Leeds22-HM-Treasury-March-12-2020-CC-BY-NC-SA-opt.jpg
44,Nick Taylor-Vaisey,"Politics Insider for March 31: We're tracking layoffs across Canada, and offering advice to those who lose their jobs. Also, the PM announces who qualifies for a federal wage subsidy.Welcome to a sneak peek of the Macleans Politics Insider newsletter. Sign up… [+3756 chars]","Politics Insider for March 31: We're tracking layoffs across Canada, and offering advice to those who lose their jobs. Also, the PM announces who qualifies for a federal wage subsidy. The post Coronavirus layoffs have only started. Prepare yourself for the wo…",2020-03-31T14:22:46Z,"{'id': None, 'name': 'Macleans.ca'}",Coronavirus layoffs have only started. Prepare yourself for the worst.,https://www.macleans.ca/politics/ottawa/coronavirus-layoffs-have-only-started-prepare-yourself-for-the-worst/,https://www.macleans.ca/wp-content/uploads/2020/03/AIRCANADA-NEWSLETTER-MAR31-810x454.jpg?b1ebb
45,Sophia Waterfield,"Let's face itthere is no escaping hearing about the novel coronavirus at the moment. Whether you're watching the news on television, reading an article online, or speaking to family members over the phone, everyone is talking about it.
But to help distract y… [+4699 chars]","Thankfully, it's not all doom and gloom at the moment.",2020-04-03T13:44:27Z,"{'id': 'newsweek', 'name': 'Newsweek'}",Google Searches for 'Good News' at All-Time-High in U.S.—Here Are 5 Uplifting Stories You Might Have Missed,https://www.newsweek.com/coronavirus-good-news-google-1495956,https://d.newsweek.com/en/full/1578880/istock-ocean.jpg
46,Michael Geist,,"Bill C-13, the COVID-19 Emergency Response Act, was the Canadian government’s legislative response to the Coronavirus pandemic. In addition a host of economic measures, the bill included some unexpected patent law provisions designed to speed access to essent…",2020-04-06T13:05:29Z,"{'id': None, 'name': 'Michaelgeist.ca'}","The LawBytes Podcast, Episode 46: Matthew Herder on the Canadian Effort to Break Down Patent Barriers to Accessing Coronavirus Medicines",http://www.michaelgeist.ca/2020/04/lawbytes-podcast-episode-46/,http://cdn.michaelgeist.ca/wp-content/uploads/2020/04/49696517973_b01877c0e1_k-1024x683.jpg
47,"Sylvain Charlebois, Director, Agri-Food Analytics Lab, Professor in Food Distribution and Policy, Dalhousie University","Self-isolating may mean many Canadians will be forced to spend more time in the kitchen, a place that's been foreign to most millennials, according to a new survey. (Shutterstock) These are unprecedented times. As we deal with the current coronavirus pandemic… [+3480 chars]","One positive thing coming out of pandemic-related self-isolation could be that people will spend more time in their kitchens, a place where fewer Canadians have ventured in recent years.",2020-03-29T11:42:38Z,"{'id': None, 'name': 'Theconversation.com'}",Making and breaking bread during the coronavirus pandemic: Home cooking could make a comeback,http://theconversation.com/making-and-breaking-bread-during-the-coronavirus-pandemic-home-cooking-could-make-a-comeback-134504,https://images.theconversation.com/files/323085/original/file-20200325-168880-hb78uf.jpg?ixlib=rb-1.1.0&rect=0%2C1700%2C10603%2C5293&q=45&auto=format&w=1356&h=668&fit=crop
48,"Kevin Quigley, Scholarly Director of the MacEachen Institute for Public Policy and Governance, Dalhousie University","A health-care worker prepares for the opening of the COVID-19 Assessment Centre in Ottawa, during a media tour on March 13, 2020. (THE CANADIAN PRESS/Justin Tang) COVID-19 is an emerging risk for which the consequences are still unknown. That the virus could … [+6937 chars]","As response to COVID-19 moves from a learning phase to an operational phase, lessons from the 2009 H1N1 pandemic can inform Canada's action plan.",2020-03-17T12:44:56Z,"{'id': None, 'name': 'Theconversation.com'}",COVID-19: Canada's response hits a turning point,http://theconversation.com/covid-19-canadas-response-hits-a-turning-point-133505,https://images.theconversation.com/files/320484/original/file-20200313-115094-1e0u7m5.jpg?ixlib=rb-1.1.0&rect=0%2C61%2C4430%2C2215&q=45&auto=format&w=1356&h=668&fit=crop
49,,"HALIFAX -- 
Dalhousie University in Halifax has been connected to a presumptive positive case of COVID-19.
Deep Saini, president and vice-chancellor of Dalhousie University, informed the Dalhousie community of the presumptive positive case in a campus-wide … [+2015 chars]","Presumptive COVID-19 case connected to Dalhousie University CTV News N.S. bans evictions while committing funds to Feed Nova Scotia, income assistance Global News One person in N.S. hospitalized as a result of COVID-19 CTV News N.S. boosts funding for food ba…",2020-03-19T20:40:00Z,"{'id': None, 'name': 'Ctvnews.ca'}",Presumptive COVID-19 case connected to Dalhousie University - CTV News,https://atlantic.ctvnews.ca/presumptive-covid-19-case-connected-to-dalhousie-university-1.4860275,https://www.ctvnews.ca/polopoly_fs/1.4860286.1584650673!/httpImage/image.png_gen/derivatives/landscape_620/image.png
50,Colin Leggett,Schools are still in session. News that COVID-19 has reached pandemic status has businesses and institutions taking precautionary measures and shutting down altogether. Canadian universities are staying on top of the situation with one Ontario school suspendi… [+2519 chars],"Major Canadian Universities Are Still Open & Sharing Their Responses To COVID-19 Narcity How to self-isolate during the coronavirus crisis CBC.ca Yes, you should have a coronavirus emergency kit. Here’s what to include Global News COVID-19 pandemic means it's…",2020-03-12T19:14:00Z,"{'id': None, 'name': 'Narcity.com'}",Major Canadian Universities Are Still Open & Sharing Their Responses To COVID-19 - Narcity,https://www.narcity.com/news/ca/canadian-universities-remain-open-amid-covid-19-outbreak-and-are-sharing-their-responses,https://www.narcity.com/u/2020/03/12/3484992d9f3bcd762092343c21b40786.jpg_1200x630.jpg
51,Andrew Rankin,"Shared parenting can be done safely during the pandemic by following public health guidance, says a Nova Scotia family law expert.
“As long as both parents follow the public health directives they should continue to comply with their parenting orders and agr… [+6615 chars]",Children need access to co-parents during pandemic: expert TheChronicleHerald.ca N.S. RCMP have now charged 54 people as part of COVID-19 crackdown Global News Stanfield’s signs deal to make protective gowns for N.S. health workers The Globe and Mail Premier …,2020-04-08T09:36:10Z,"{'id': None, 'name': 'Thechronicleherald.ca'}",Children need access to co-parents during pandemic: expert - TheChronicleHerald.ca,https://www.thechronicleherald.ca/news/local/children-need-access-to-co-parents-during-pandemic-expert-435178/,https://www.thechronicleherald.ca/media/photologue/photos/cache/image2_bJlrqEw_medium.jpg
52,,"Some of the latest developments:
<ul><li>The official national tally of confirmed cases is at least 250.</li><li>Saskatchewan announced four new presumptive cases late Saturday.</li><li>Nova Scotia and the three territories are the only areas that have not c… [+20441 chars]","Coronavirus: What's happening in Canada and around the world Sunday CBC.ca Get back to Canada while you still can, feds urge travellers abroad CP24 Toronto's Breaking News Bank of Canada Lowers Overnight Rate VOCM John Ivison: Overdue but decisive action from…",2020-03-15T05:05:00Z,"{'id': 'cbc-news', 'name': 'CBC News'}",Coronavirus: What's happening in Canada and around the world Sunday - CBC.ca,https://www.cbc.ca/news/canada/coronavirus-covid19-march-15-canada-world-1.5498348,https://i.cbc.ca/1.5498371.1584244893!/fileImage/httpImage/image.JPG_gen/derivatives/16x9_620/health-coronavirus-canada.JPG
53,,"March 11, 2020For Immediate Release
Members elect Janet Davidson Board Chair, and Peter MacKinnon Vice-Chair
Ottawa, ON (March 11, 2020)  Canada will lead the world in establishing a way to help academic researchers access, manage and protect vast amounts o… [+4889 chars]","Canadian Journal of Education, Mar 12, 2020 The organization was established to create ""a way to help academic researchers access, manage and protect vast amounts of research data."" It is a membership-based organization, ""with founding members comprising more…",2020-03-12T20:37:00Z,"{'id': None, 'name': 'Csse-scee.ca'}","Canada’s New National Digital Research Infrastructure Organization Launches, Names Inaugural Board",https://csse-scee.ca/blog/news-canadas-new-national-digital-research-infrastructure-organization-launches/,
54,Elizabeth Thompson,"Recipes for homemade hand sanitizer concoctions have been multiplying online but experts are warning that many of the DIY solutions are ineffective even harmful.
""You don't want anyone making up their homemade hand sanitizers that might have a component that… [+5397 chars]",Recipes for homemade hand sanitizer concoctions have been multiplying online but experts are warning that many of the DIY solutions are ineffective — even harmful.,2020-03-26T08:00:00Z,"{'id': 'cbc-news', 'name': 'CBC News'}",Experts alarmed as recipes for homemade hand sanitizer proliferate online,https://www.cbc.ca/news/covid-19-hand-sanitizer-fact-check-1.5510163,https://i.cbc.ca/1.5510265.1585237457!/cpImage/httpImage/image.jpg_gen/derivatives/16x9_620/virus-outbreak-hand-sanitizer-shortage.jpg
55,Rod Nickel and Kelsey Johnson,"After failing to grow wheat in Canada's subarctic Yukon territory 15 years ago, farmer Steve Mackenzie-Grieve gave it another shot in 2017.
Thanks to longer summers, he has reaped three straight harvests. This spring he plans to sow canola on his family's 45… [+4975 chars]","After failing to grow wheat in Canada's subarctic Yukon territory 15 years ago, farmer Steve Mackenzie-Grieve gave it another shot in 2017.",2020-03-22T14:37:32Z,"{'id': None, 'name': 'Independent.ie'}",Wheat in Whitehorse: how climate change helps feed Canada's remote regions,https://www.independent.ie/business/farming/news/world-news/wheat-in-whitehorse-how-climate-change-helps-feed-canadas-remote-regions-39065484.html,
56,"Zeraatkar D, Guyatt GH, Alonso-Coello P, et al.","Dena Zeraatkar, MSc; Gordon H. Guyatt, MD, MSc; Pablo Alonso-Coello, MD, PhD; Malgorzata M. Bala, PhD; Montserrat Rabassa, PhD; Mi Ah Han, MD, PhD; Robin W.M. Vernooij, PhD; Claudia Valli, MSc; Bradley C. Johnston, PhD 
McMaster University, Hamilton, Ontario… [+717 chars]",,2020-04-06T21:51:05Z,"{'id': None, 'name': 'Annals.org'}",Red and Processed Meat Consumption and Risk for All-Cause Mortality and Cardiometabolic Outcomes,https://annals.org/aim/article-abstract/2764204/red-processed-meat-consumption-risk-all-cause-mortality-cardiometabolic-outcomes,
57,Larysa Harapyn,"Sylvain Charlebois, of the School of Public Administration at Dalhousie University, speaks with the Financial Post’s Larysa Harapyn about why we’re seeing empty shelves in stores amid the COVID-19 pandemic, the state of our food supply chain and how all this … [+26 chars]",Sylvain Charlebois of Dalhousie University speaks about the state of our food supply chain and how the pandemic will effect food prices,2020-03-17T13:04:44Z,"{'id': 'financial-post', 'name': 'Financial Post'}",There’s no need to hoard food — but falling loonie will raise your grocery bill,https://business.financialpost.com/news/retail-marketing/theres-no-need-to-hoard-food-but-falling-loonie-will-raise-your-grocery-bill,https://financialpostcom.files.wordpress.com/2020/03/grocery.jpg
58,Naomi Powell,"Fruit and vegetable growers say sweeping new travel restrictions are cutting off the flow of seasonal labour to Canadian farms, threatening to disrupt harvests as Ottawa bars foreign travellers in an attempt to contain the rapid spread of the coronavirus.
Pr… [+4960 chars]","From seeding through to harvesting, farmers need the help of 60,000 workers",2020-03-17T23:07:38Z,"{'id': 'financial-post', 'name': 'Financial Post'}","‘Broccoli has to be hand cut’: Travel limits squeezing flow of seasonal workers to fruit, vegetable farms",https://business.financialpost.com/news/retail-marketing/broccoli-has-to-be-hand-cut-travel-limits-squeezing-flow-of-seasonal-workers-to-fruit-vegetable-farms,https://financialpostcom.files.wordpress.com/2018/03/cagb315-ap.jpg
59,Emily Jackson,"Food and consumer goods manufacturers reported a surge in demand in the last two weeks of March as home-bound Canadians rushed to grocery stores to stock up for an indefinite period of self-isolation to combat the spread of COVID-19.
Eighty per cent of manuf… [+3198 chars]","Despite the rush, vast majority of companies confident in their ability to manage logistics, freight and supply",2020-04-02T10:00:45Z,"{'id': 'financial-post', 'name': 'Financial Post'}",Demand for some food and consumer goods surges 500% as Canadians stock up,https://business.financialpost.com/news/retail-marketing/demand-food-consumer-goods-surges-canadians-stock-up,https://financialpostcom.files.wordpress.com/2020/04/grocery.jpg
60,Jake Edmiston,Canada needs to become more secure by becoming more self-sufficient. In a new series Strong &amp; Free: Shockproofing Canada the Post examines how a country made wealthy by globalization and trade can also protect itself against pandemics and other unknown fu… [+12781 chars],Bigger problems are expected as the system runs into bottlenecks caused by farm labour shortages and virus outbreaks at processing plants,2020-04-11T10:00:13Z,"{'id': 'financial-post', 'name': 'Financial Post'}","Shockproofing Canada: Empty grocer shelves don’t signal food security issues, but there are challenges looming",https://business.financialpost.com/news/retail-marketing/shockproofing-canada-empty-grocer-shelves-dont-signal-food-security-issues-but-there-are-challenges-looming,https://financialpostcom.files.wordpress.com/2020/04/grocery-1.jpg
61,CBC,"Physical distancing, self-isolating and proper hygiene three key rules of living in Nova Scotia during the COVID-19 pandemic.
But what if a person doesn't have the resources to follow those public health rules?
It puts the person at risk for contracting and… [+3302 chars]","Physical distancing, self-isolating and proper hygiene — three key rules of living in Nova Scotia during the COVID-19 pandemic.But what if a person doesn't have the resources to follow those public health rules?It puts the person at risk for contracting and s…",2020-04-03T00:35:17Z,"{'id': None, 'name': 'Yahoo.com'}","Without resources, Nova Scotia's homeless are more at risk for COVID-19",https://ca.sports.yahoo.com/news/without-resources-nova-scotias-homeless-003517469.html,https://s.yimg.com/uu/api/res/1.2/jJVnVcqw25j4i0oOBfdqng--~B/aD0zNDk7dz02MjA7c209MTthcHBpZD15dGFjaHlvbg--/https://media.zenfs.com/en/cbc.ca/8599b91e0af7749d803399de37cdef73
62,Adam Miller,"Younger Canadians represent one in three of all reported COVID-19 cases, and experts say they could be unknowingly accelerating the spread of the virus in Canada and around the world.
Of the 4,186 COVID-19 cases for which the Public Health Agency of Canada h… [+6942 chars]","Younger Canadians represent one in three of all reported COVID-19 cases, and experts say they could be unknowingly accelerating the spread of the coronavirus in Canada and around the world.",2020-04-01T08:00:00Z,"{'id': 'cbc-news', 'name': 'CBC News'}",'Everybody is susceptible': Why younger Canadians may be helping fuel the spread of COVID-19,https://www.cbc.ca/news/health/coronavirus-young-people-canada-1.5516936,https://i.cbc.ca/1.5515090.1585594459!/cumulusImage/httpImage/image.jpg_gen/derivatives/16x9_620/covid-19-vancouver-empty-streets.jpg
63,PTI,"Older people remain most at risk of dying as the new coronavirus continues its rampage around the globe, but theyre far from the only ones vulnerable. One of many mysteries: Men seem to be faring worse than women.
 And as cases skyrocket in the U.S. and Euro… [+5935 chars]","Older people remain most at risk of dying as the new coronavirus continues its rampage around the globe, but they’re far from the only ones vulnerable. One of many mysteries: Men seem to be faring wor",2020-03-29T14:05:20Z,"{'id': None, 'name': 'Thehindubusinessline.com'}",Age is not the only risk for severe coronavirus disease,https://www.thehindubusinessline.com/news/science/age-is-not-the-only-risk-for-severe-coronavirus-disease/article31199329.ece,https://www.thehindubusinessline.com/news/science/fere36/article31199373.ece/ALTERNATES/LANDSCAPE_615/corona-agejpg
64,Kathleen Harris,"Food security experts are warning the global pandemic could lead to supply shortages, higher prices and a growing nutrition gap between rich and poor.
Elaine Power, a food security expert at Queen's University, said the coronavirus pandemic is exposing ""crit… [+5446 chars]","Food security experts are warning the global pandemic could lead to supply shortages, higher prices and a growing nutrition gap between rich and poor.",2020-04-03T20:02:46Z,"{'id': 'cbc-news', 'name': 'CBC News'}","Food security experts warn of supply shortages, higher prices due to global pandemic",https://www.cbc.ca/news/politics/food-security-covid19-trudeau-1.5520492,https://i.cbc.ca/1.3160642.1437425709!/fileImage/httpImage/image.JPG_gen/derivatives/16x9_620/edmonton-s-food-bank-recession.JPG
65,Elizabeth Thompson,"Recipes for homemade hand sanitizer concoctions have been multiplying online but experts are warning that many of the DIY solutions are ineffective even harmful.
""You don't want anyone making up their homemade hand sanitizers that might have a component that… [+5188 chars]",Recipes for homemade hand sanitizer concoctions have been multiplying online but experts are warning that many of the DIY solutions are ineffective — even harmful.,2020-03-26T08:00:00Z,"{'id': 'cbc-news', 'name': 'CBC News'}",Experts alarmed as recipes for homemade hand sanitizer proliferate online,https://www.cbc.ca/news/covid-19/covid-19-hand-sanitizer-fact-check-1.5510163,https://i.cbc.ca/1.5510265.1585174271!/cpImage/httpImage/image.jpg_gen/derivatives/16x9_620/virus-outbreak-hand-sanitizer-shortage.jpg
66,Rachel Ward,"A mushroom spray, oil of oregano and a special hat to kill coronavirus in saliva have all been targeted by Health Canada in its crackdown on misleading and false claims of COVID-19 prevention and cures.
The federal health agency has in recent weeks fielded d… [+9288 chars]","A mushroom spray, oil of oregano and a special hat to kill coronavirus in saliva have all been targeted by Health Canada in its crackdown on misleading and false claims of COVID-19 prevention and cures.",2020-04-08T08:00:00Z,"{'id': 'cbc-news', 'name': 'CBC News'}","Mushrooms, oregano oil and masks targeted in crackdown on misleading COVID-19 ads",https://www.cbc.ca/news/canada/calgary/health-canada-compliance-list-1.5525563,https://i.cbc.ca/1.5507279.1585677435!/fileImage/httpImage/image.JPG_gen/derivatives/16x9_620/philippines.JPG
67,LAURAN NEERGAARD AP Medical Writer,"WASHINGTON -- 
Older people remain most at risk of dying as the new coronavirus continues its rampage around the globe, but theyre far from the only ones vulnerable. One of many mysteries: Men seem to be faring worse than women.
And as cases skyrocket in th… [+6304 chars]","Older people remain most at risk of dying as the new coronavirus continues its rampage around the globe, but they're far from the only ones vulnerable",2020-03-29T12:35:29Z,"{'id': 'abc-news', 'name': 'ABC News'}",Age is not the only risk for severe coronavirus disease,https://abcnews.go.com/Health/wireStory/age-risk-severe-coronavirus-disease-69860317,null
68,Michael Tutton - The Canadian Press,"HALIFAX—For a Halifax father and daughter dedicated to taking on global infectious diseases, the novel coronavirus has led to their latest, exhausting push to create tests and vaccines to save lives.
Alyson Kelvin, 39, and David Kelvin, 65, are once again in… [+5558 chars]","Alyson Kelvin and David Kelvin are once again in the trenches of a race to find long-term solutions, hoping for success while public interest and funding remain in place.",2020-03-15T15:03:04Z,"{'id': None, 'name': 'Thestar.com'}",Rapid response COVID-19 science conducted by Halifax father and daughter virologists,https://www.thestar.com/news/canada/2020/03/15/rapid-response-covid-19-science-conducted-by-halifax-father-and-daughter-virologists.html,https://images.thestar.com/PHNi9OGyVElCmAuslo9H9_13kdk=/1200x618/smart/filters:cb(1584284584568)/https://www.thestar.com/content/dam/thestar/news/canada/2020/03/15/rapid-response-covid-19-science-conducted-by-halifax-father-and-daughter-virologists/rapidresponse.jpg
69,Steve Mckinley - Halifax Bureau,"Mitigating the effects of the fear and anxiety caused by the novel coronavirus is no mean feat, given our situational uncertainties and biological penchants. 
Dr. Simon Sherry, a clinical psychologist and professor in psychology and neuroscience at Dalhousie… [+1843 chars]","As the novel coronavirus makes it’s way around the world, the isolation, fear and anxiety can take a toll on your mental health.",2020-03-19T23:57:00Z,"{'id': None, 'name': 'Thestar.com'}",Minding your mental health: Ways to cope during the COVID-19 outbreak,https://www.thestar.com/news/canada/2020/03/19/minding-your-mental-health-ways-to-cope-during-the-covid-19-outbreak.html,https://images.thestar.com/tes8q0qbsK8iCu76HpME0O8UCYg=/1200x734/smart/filters:cb(1584662220600)/https://www.thestar.com/content/dam/thestar/news/canada/2020/03/19/minding-your-mental-health-ways-to-cope-during-the-covid-19-outbreak/mental_health.jpg
70,Karon Liu - Culture Reporter,"The panic buying has ended. Toilet paper is restocked, and at some stores, on sale. There are no scenes of empty produce aisles or home cooks wondering what to do with the obscure pasta shapes because the spaghetti is gone. But there’s still a heaviness in th… [+5652 chars]",The Star went to grocery stores across Toronto to check prices and stock under the COVID-19 lockdown.,2020-04-04T13:00:00Z,"{'id': None, 'name': 'Thestar.com'}","At grocery stores, things are different, very different",https://www.thestar.com/news/gta/2020/04/04/at-grocery-stores-things-are-different-very-different.html,https://images.thestar.com/pt5RlAuz1xCLYTe6SlRKUGiy-us=/1200x900/smart/filters:cb(1585961465025)/https://www.thestar.com/content/dam/thestar/news/gta/2020/04/04/at-grocery-stores-things-are-different-very-different/foodbasics.jpg
71,"Liam Casey - The Canadian Press,Bill Graveland","Canadian prison officials say they are adopting an existing flu-outbreak plan in preparation for the novel coronavirus outbreak that is sweeping across the country.
Correctional Service Canada says it wants prisoners’ family and friends to avoid its institut… [+4466 chars]","A Correctional Service Canada spokesperson said there are no confirmed cases of COVID-19 in CSC institutions, but noted the service will comply “with requirements set by public health authorities, which could include an institution being quarantined.”",2020-03-14T14:56:39Z,"{'id': None, 'name': 'Thestar.com'}","Canada’s prisons preparing for COVID-19, want public to limit visits",https://www.thestar.com/news/canada/2020/03/14/canadas-prisons-preparing-for-covid-19-want-public-to-limit-visits.html,https://images.thestar.com/-ZrEXrbpqwgBCZKFs1o-tFf7X-M=/1200x738/smart/filters:cb(1584197799898)/https://www.thestar.com/content/dam/thestar/news/canada/2020/03/14/canadas-prisons-preparing-for-covid-19-want-public-to-limit-visits/correctional_services.jpg
72,"Star staff,wires services","The latest novel coronavirus news from Canada and around the world Saturday (this file will be updated throughout the day):
7:44 a.m.: Health authorities in Spain say coronavirus infections have reached 5,753 people, of which almost 3,000 are in the capital,… [+5130 chars]",The latest novel coronavirus news from Canada and around the world Saturday.,2020-03-14T11:28:00Z,"{'id': None, 'name': 'Thestar.com'}",97 new COVID-19 deaths in Iran; Philippines clarifies night curfew in capital; Apple closes all stores outside of China,https://www.thestar.com/news/gta/2020/03/14/97-new-covid-19-deaths-in-iran-apple-closes-all-stores-outside-of-china-us-representatives-pass-free-testing-bill.html,https://images.thestar.com/A0Cuw3BK0vmxvQpjvatVqdiXPzg=/1200x800/smart/filters:cb(1584186386563)/https://www.thestar.com/content/dam/thestar/news/gta/2020/03/14/97-new-covid-19-deaths-in-iran-apple-closes-all-stores-outside-of-china-us-representatives-pass-free-testing-bill/tehran.jpg
73,Jason Miller - Staff Reporter,"At a time when Canadians are thirsty for credible information about all things COVID-19, a group of female chief medical officers has been thrust into the national spotlight.
With their unflappable demeanours and personal style, some experts say their new-fo… [+8095 chars]",Women like Theresa Tam and Eileen de Villa could be roles models for other women in the fields of science and medicine.,2020-04-01T17:00:00Z,"{'id': None, 'name': 'Thestar.com'}",The faces of the COVID-19 fight across Canada are female. Here’s why that matters,https://www.thestar.com/news/canada/2020/04/01/the-faces-of-the-covid-19-fight-across-canada-are-female-heres-why-that-matters.html,https://images.thestar.com/D13mHMGvxK8m9OALFiHwao00cvU=/1086x724/smart/filters:cb(1585760928386)/https://www.thestar.com/content/dam/thestar/news/canada/2020/04/01/the-faces-of-the-covid-19-fight-across-canada-are-female-heres-why-that-matters/health_leaders_composite.png
74,Douglas Quan - Vancouver Bureau,"VANCOUVER—It’s become something of a goosebump-inducing ritual.
Each night at 7 p.m., residents in this city open their windows or step onto their balconies to whoop, holler and bang their pots in a show of support for health-care workers, shattering the eer… [+7867 chars]","Despite rules meant to keep us physically distant during the coronavirus pandemic, Canadians have managed to find new ways of coming together, observers say. Whether it will last is another question.",2020-03-29T12:00:00Z,"{'id': None, 'name': 'Thestar.com'}",‘Tiny acts of solidarity’ are bridging our social distance. Can they last?,https://www.thestar.com/news/canada/2020/03/29/tiny-acts-of-solidarity-are-bridging-our-social-distance-can-they-last.html,https://images.thestar.com/qqJ8Arys2G5o_aeHKAZ6S8vYxUQ=/1200x808/smart/filters:cb(1585448248265)/https://www.thestar.com/content/dam/thestar/news/canada/2020/03/29/tiny-acts-of-solidarity-are-bridging-our-social-distance-can-they-last/distance_generic.jpg
75,Steve McKinley - Halifax Bureau,"Millions of people in North America watched helplessly as the coronavirus epidemic rolled over first Asia and then Europe. And when that inevitable tide hit North America, fear and anxiety levels across the continent shot through the roof.
And as those anxie… [+8318 chars]","As the coronavirus rolls around the world, Canadians are struggling to deal with the fear and anxiety that comes with it.",2020-03-19T19:17:04Z,"{'id': None, 'name': 'Thestar.com'}","Coronavirus is taking a toll on people’s mental health, but there are ways to cope",https://www.thestar.com/news/canada/2020/03/18/coronavirus-is-taking-a-toll-on-peoples-mental-health-but-there-are-ways-to-cope.html,https://images.thestar.com/nOBpnhKNWKmtWXfeymFKanQ-G9c=/1200x800/smart/filters:cb(1584645432258)/https://www.thestar.com/content/dam/thestar/news/canada/2020/03/18/coronavirus-is-taking-a-toll-on-peoples-mental-health-but-there-are-ways-to-cope/anxiety.jpg
76,Kevin Donovan - Chief Investigative Reporter,"Picture this: It’s Friday, March 13. The Toronto Public Health war room in downtown Toronto. Forty public health nurses jammed shoulder to shoulder in one room for the day being trained on how to track the outbreak of COVID-19. No masks, no hand-washing proto… [+9888 chars]","Insiders describe a “shoulder-to-shoulder” training session on March 13 in downtown Toronto with no masks, active screening, sanitizer or social distancing.",2020-04-06T22:04:08Z,"{'id': None, 'name': 'Thestar.com'}",‘Loblaws up the street had better sanitary precautions than we did at Toronto Public Health’,https://www.thestar.com/news/gta/2020/04/06/loblaws-up-the-street-had-better-sanitary-precautions-than-we-did-at-toronto-public-health.html,https://images.thestar.com/11jga8pxBeZNs2GueD_jgJwjeU8=/1200x800/smart/filters:cb(1586210648995)/https://www.thestar.com/content/dam/thestar/news/gta/2020/04/06/loblaws-up-the-street-had-better-sanitary-precautions-than-we-did-at-toronto-public-health/_1eileen_de_villa.jpg
77,Kelly Geraldine Malone,"Thousands of people smiled, laughed, shook hands and conversed at one of the largest dental conferences in North America last month unaware of a deadly virus circling among them.
More than 15,000 attendees, presenters or vendors were part of the Pacific Dent… [+4205 chars]","Thousands of people smiled, laughed, shook hands and conversed at one of the largest dental conferences in North America last month unaware of a deadly virus circling among them.",2020-04-02T12:30:00Z,"{'id': 'cbc-news', 'name': 'CBC News'}",Super-spreading events linked to COVID-19 across the country,https://www.cbc.ca/news/canada/edmonton/super-spreading-events-covid-19-edmonton-vancouver-1.5518697,https://i.cbc.ca/1.5408235.1585730581!/fileImage/httpImage/image.jpg_gen/derivatives/16x9_620/shutterstock-medium-file.jpg
78,Charles Rusnell,"Alberta Opposition Leader Rachel Notley is calling for the resignation of Health Minister Tyler Shandro following revelations by CBC News that Shandro berated a Calgary doctor at his home and belittled citizens in emails.
""This is a profound lapse in judgmen… [+6175 chars]",Alberta Opposition Leader Rachel Notley is calling for the resignation of Health Minister Tyler Shandro following revelations by CBC News that Shandro berated a Calgary doctor at his home and belittled citizens in emails.,2020-03-27T21:22:01Z,"{'id': 'cbc-news', 'name': 'CBC News'}",Alberta NDP call for resignation of Alberta Health Minister Tyler Shandro over bullying allegations,https://www.cbc.ca/news/canada/edmonton/alberta-ndp-call-for-resignation-of-alberta-health-minister-tyler-shandro-over-bullying-allegations-1.5512897,https://i.cbc.ca/1.5513120.1585343718!/fileImage/httpImage/image.jpg_gen/derivatives/16x9_620/rachel-notely.jpg
79,Charles Rusnell,"Alberta Premier Jason Kenney brushed aside a call Friday from the NDP Opposition Leader for him to fire Health Minister Tyler Shandro over allegations he berated a Calgary doctor at his home and belittled citizens in emails.
Kenney told reporters Shandro and… [+7467 chars]",Alberta Premier Jason Kenney brushed aside a call Friday from the NDP Opposition Leader for him to fire Health Minister Tyler Shandro over allegations he berated a Calgary doctor at his home and belittled citizens in emails.,2020-03-27T21:22:01Z,"{'id': 'cbc-news', 'name': 'CBC News'}",Alberta premier Jason Kenney denies call for health minister's resignation over bullying allegations,https://www.cbc.ca/news/canada/edmonton/alberta-premier-jason-kenney-denies-call-for-health-minister-s-resignation-over-bullying-allegations-1.5512897,https://i.cbc.ca/1.5513120.1585343718!/fileImage/httpImage/image.jpg_gen/derivatives/16x9_620/rachel-notely.jpg
80,CBC Sports,"The University of Alberta Pandas defeated the UNB Reds 10-2 in the U Sports women's curling final on Sunday, claiming their fourth national championship in six years.
The Pandas downed the McMaster Maurauders 8-4 in the morning semifinal, while the Reds secu… [+842 chars]","The University of Alberta Pandas defeated the UNB Reds 10-2 in the U Sports women's curling final on Sunday, while the Laurier Golden Hawks topped the Dalhousie Tigers 8-5 for the men's curling title.",2020-03-15T22:44:27Z,"{'id': 'cbc-news', 'name': 'CBC News'}",Alberta Pandas defeat UNB Reds to claim U Sports women's curling national championship,https://www.cbc.ca/sports/olympics/winter/curling/u-sports-curling-canada-championships-1.5498677,https://i.cbc.ca/1.5498685.1584308245!/fileImage/httpImage/image.jpg_gen/derivatives/16x9_620/alberta-pandas-curling.jpg
81,Dana Hatherly,"One of two people rescued from a burning apartment near the University of Manitoba is in critical condition, and some of the building's residents are left without homes.
Shortly after 6:30 p.m. on Wednesday, the Winnipeg Fire Paramedic Service was called to … [+688 chars]",Winnipeg Fire Paramedic Service rescued two people from an apartment fire on Dalhousie Drive on Wednesday evening.,2020-03-26T04:25:47Z,"{'id': 'cbc-news', 'name': 'CBC News'}","1 of 2 rescued from apartment fire in critical condition, others homeless",https://www.cbc.ca/news/canada/manitoba/dalhousie-apartment-fire-1-person-critical-homeless-1.5510472,https://i.cbc.ca/1.5510484.1585195996!/fileImage/httpImage/image.jpg_gen/derivatives/16x9_620/dalhousie-drive-apartment-fire.jpg
82,CBC News,"In-person classes at Dalhousie University and the University of King's College will be suspended from March 16-20 amid COVID-19 concerns.
On its website, Dalhousie said the suspension is a ""preventative measure to increase social distancing and allow instruc… [+1398 chars]","On Friday, the university announced in-person classes and labs for Dalhousie University and the University of King's College students will be suspended from March 16-20 as a COVID-19 preventative measure.",2020-03-13T20:13:58Z,"{'id': 'cbc-news', 'name': 'CBC News'}","In-person classes at Dal, King's suspended next week",https://www.cbc.ca/news/canada/nova-scotia/in-person-classes-at-dal-king-s-suspended-next-week-1.5497273,https://i.cbc.ca/1.5497296.1584128709!/cumulusImage/httpImage/image.jpg_gen/derivatives/16x9_620/halifax-universities.jpg
83,Paul Palmeter,"The mechanical engineering department at Dalhousie University has developed a face shield for health-care workers on the front lines of the COVID-19 pandemic.
Working in conjunction with the Nova Scotia Health Authority and the Nova Scotia College of Art and… [+1640 chars]",The mechanical engineering department at Dalhousie University has developed a face shield for health-care workers on the front lines of the COVID-19 pandemic.,2020-04-03T17:55:46Z,"{'id': 'cbc-news', 'name': 'CBC News'}",Dalhousie team uses 3D printing to build prototype for face shield,https://www.cbc.ca/news/canada/nova-scotia/dalhousie-team-using-3d-printing-technology-for-face-shield-prototype-1.5520827,https://i.cbc.ca/1.5520828.1585935185!/fileImage/httpImage/image.jpg_gen/derivatives/16x9_620/dalhousie-team-using-3d-printing-technology-for-face-shield-prototype-image-1.jpg
84,Paul Palmeter,"Some medical students at Dalhousie University in Halifax are holding a donation drive to collect personal protective equipment (PPE) for front-line health-care workers in Nova Scotia dealing with COVID-19.
Rumana Rafiq, a second-year medical student from Tru… [+1311 chars]",Some medical students at Dalhousie University in Halifax are holding a donation drive to collect personal protective equipment (PPE) for front-line health-care workers in Nova Scotia dealing with COVID-19.,2020-04-11T09:00:00Z,"{'id': 'cbc-news', 'name': 'CBC News'}",Dalhousie medical students gather protective equipment for health-care workers,https://www.cbc.ca/news/canada/nova-scotia/dalhousie-university-medical-students-personal-protective-equipment-covid-19-1.5527708,https://i.cbc.ca/1.5527710.1586465015!/fileImage/httpImage/image.jpg_gen/derivatives/16x9_620/rumana-rafiq.jpg
85,Taryn Grant,"Nova Scotia is granting temporary release to some inmates during the COVID-19 pandemic to mitigate the virus's spread within jails.
The province announced Wednesday it would grant temporary absences, with no fixed end date, to 41 people serving intermittent … [+1241 chars]",Nova Scotia is releasing 41 people serving intermittent sentences in provincial jails in an effort to mitigate the spread of COVID-19.,2020-03-18T21:21:20Z,"{'id': 'cbc-news', 'name': 'CBC News'}",Nova Scotia to grant temporary release to some inmates amid COVID-19 pandemic,https://www.cbc.ca/news/canada/nova-scotia/nova-scotia-inmates-temporary-release-covid-19-1.5502036,https://i.cbc.ca/1.4715665.1529589697!/cpImage/httpImage/image.jpg_gen/derivatives/16x9_620/burnside-jail-intermittent-sentences-20180621.jpg
86,CBC News,"As police in Nova Scotia ramp up enforcement of public health orders, a legal expert is cautioning that not all cases are open and shut, which could mean people end up challenging orders in court.
On Sunday, Premier Stephen McNeil said ""a reckless few"" have … [+3251 chars]","As police in Nova Scotia ramp up enforcement of public health orders, a legal expert is cautioning that these cases aren’t all open and shut, and could result in legal challenges if they end up in court.",2020-03-30T18:59:40Z,"{'id': 'cbc-news', 'name': 'CBC News'}",Order or advice? Law expert says enforcement of COVID-19 rules is complicated,https://www.cbc.ca/news/canada/nova-scotia/wayne-mackay-legal-expert-dalhousie-university-information-morning-covid-19-enforcement-1.5514942,https://i.cbc.ca/1.2878374.1418939372!/fileImage/httpImage/image.jpg_gen/derivatives/16x9_620/wayne-mackay-law-professor.jpg
87,Elizabeth Chiu,"When skin care entrepreneur Eliza Desmarais got the news Tuesday night that Health Canada had approved her Digby, N.S., company to produce hand sanitizer, it came not a moment too soon.
Like so many Canadians, the COVID-19 pandemic has put her in a financial… [+2893 chars]","When skin care entrepreneur Eliza Desmarais got the news Tuesday night that Health Canada had approved her Digby, N.S., company to produce hand sanitizer, it came not a moment too soon because the COVID-19 pandemic has put her in a financial squeeze.",2020-04-01T23:01:31Z,"{'id': 'cbc-news', 'name': 'CBC News'}",Digby company gets approval from Health Canada to make hand sanitizer,https://www.cbc.ca/news/canada/nova-scotia/digby-entrepreneur-approved-to-make-hand-sanitizer-1.5517837,https://i.cbc.ca/1.5517940.1585779163!/fileImage/httpImage/image.jpg_gen/derivatives/16x9_620/eliza-desmarais.jpg
88,Shaina Luck,"Q: We have community spread now. What does that mean? What is the province doing differently? 
In cases of community spread, public health workers have not been able to find a link (even a second or third-hand link) to someone who travelled. Alternatively, t… [+9116 chars]",What does community spread mean? When will we start to flatten the curve? Are people who recover from COVID-19 immune? How is the school year going to continue?,2020-04-01T16:58:24Z,"{'id': 'cbc-news', 'name': 'CBC News'}","Can someone else walk my dog? And more COVID-19 questions from Nova Scotians, answered",https://www.cbc.ca/news/canada/nova-scotia/covid-19-faq-questions-answered-april-1-1.5516690,https://i.cbc.ca/1.5493489.1583931593!/fileImage/httpImage/image.JPG_gen/derivatives/16x9_620/health-coronavirus-usa.JPG
89,Emma Smith,"A Dalhousie University researcher at the forefront of Canada's quest to find a treatment for COVID-19 says human trials for a promising new vaccine could be only weeks away.
Dalhousie's COVID-19 rapid response team is moving forward with testing a vaccine th… [+3183 chars]",A virologist at Dalhousie University who's at the forefront of Canada’s quest to find a treatment for COVID-19 says human trials for a promising new vaccine could be only weeks away.,2020-03-25T19:32:40Z,"{'id': 'cbc-news', 'name': 'CBC News'}",Dalhousie research team prepares for clinical trial of COVID-19 vaccine,https://www.cbc.ca/news/canada/nova-scotia/dalhousie-university-alyson-kelvin-vaccine-covid-19-test-lab-dna-trial-1.5509809,https://i.cbc.ca/1.5498695.1584310492!/cpImage/httpImage/image.jpg_gen/derivatives/16x9_620/coronavirus-rapid-response-20200315.jpg
90,Brian Daly,"Marine life that's been ravaged by years of fishing activity, nuclear tests and chemical pollution could see a ""substantial recovery"" by 2050 if world governments invest billions a year in restoration, according to a study released Wednesday.
The paper was p… [+3211 chars]","Marine life ravaged by years of fishing activity, nuclear tests and chemical pollution could see a ""substantial recovery"" by 2050 if world governments invest billions a year in restoration, according to a study released Wednesday.",2020-04-01T23:55:29Z,"{'id': 'cbc-news', 'name': 'CBC News'}","The world's oceans could recover from human threat by 2050, says new study",https://www.cbc.ca/news/canada/nova-scotia/oceans-can-bounce-back-from-human-threat-by-2050-says-new-study-1.5518020,https://i.cbc.ca/1.5518253.1585776992!/fileImage/httpImage/image.jpg_gen/derivatives/16x9_620/menhaden-virginia-compliance.jpg
91,Jon Tattrie,"Nova Scotians needing emergency dental work are being steered toward six emergency dental clinics in Halifax and Sydney, but the province's dentistry board plans to open more locations soon.
Dr. Martin Gillis, the registrar of the Provincial Dental Board of … [+2585 chars]","Nova Scotians needing emergency dental work are being steered toward six emergency dental clinics in Halifax and Sydney, but the province's dentistry board plans to open more locations soon.",2020-04-06T09:00:00Z,"{'id': 'cbc-news', 'name': 'CBC News'}",Here's how to get emergency dental care in Nova Scotia during COVID-19,https://www.cbc.ca/news/canada/nova-scotia/covid-19-nova-scotia-emergency-dental-care-1.5521327,https://i.cbc.ca/1.5521401.1585946606!/fileImage/httpImage/image.jpg_gen/derivatives/16x9_620/generic-dental-shot-covid-19.jpg
92,Aly Thomson,"As many are stuck at home as a result of the outbreak of COVID-19, more people are turning to the video-conferencing platform Zoom to stay connected with work colleagues and loved ones.
But with the rise of the service's popularity comes a new challenge: Zoo… [+1871 chars]","As many are stuck at home as a result of the outbreak of COVID-19, more people are turning to Zoom to stay connected with work colleagues and loved ones.",2020-04-01T20:13:50Z,"{'id': 'cbc-news', 'name': 'CBC News'}",Here are some ways to protect your privacy while video conferencing,https://www.cbc.ca/news/canada/nova-scotia/ways-to-protect-privacy-video-conferencing-zoom-1.5517928,https://i.cbc.ca/1.5518036.1585770781!/fileImage/httpImage/image.jpg_gen/derivatives/16x9_620/crosby-ovechkin-playoffs-hockey.jpg
93,Anjuli Patil,"Grocery stores across Canada are preparing for customers stockpiling supplies to get through the COVID-19 pandemic.
Across the country, customers have been heading to stores in droves to pick up items like toilet paper, hand sanitizer and non-perishable item… [+3444 chars]","While none of the major grocers in Canada say they plan to ration certain items, a food supply expert said he wouldn't be surprised to see the practice emerge as concerns over COVID-19 increase.",2020-03-13T09:00:00Z,"{'id': 'cbc-news', 'name': 'CBC News'}",How big grocers in Canada are preparing for COVID-19,https://www.cbc.ca/news/canada/nova-scotia/big-grocers-prepare-for-covid-19-1.5495743,https://i.cbc.ca/1.5496175.1584059480!/fileImage/httpImage/image.JPG_gen/derivatives/16x9_620/toilet-paper-covid-19.JPG
94,Jack Julian,"The head of 811 in Nova Scotia says everyone who is referred to a COVID-19 assessment site will now be tested for the virus.
""Anyone who is sent by 811 will be screened regardless of the secondary screening,"" said Dr. Todd Howlett, medical director of 811 fo… [+2672 chars]","A woman recently referred by 811 to one of the province's COVID-19 testing sites was told when she arrived that she did not qualify for a swab. That will no longer happen, according to the head of 811.",2020-03-27T11:38:15Z,"{'id': 'cbc-news', 'name': 'CBC News'}",Head of 811 says anyone referred for a COVID-19 assessment will be tested,https://www.cbc.ca/news/canada/nova-scotia/covid-19-811-healthcare-medical-testing-1.5512011,https://i.cbc.ca/1.5315407.1585306589!/fileImage/httpImage/image.jpg_gen/derivatives/16x9_620/dr-todd-howlett.jpg
95,CBC News,"Physical distancing, self-isolating and proper hygiene three key rules of living in Nova Scotia during the COVID-19 pandemic.
But what if a person doesn't have the resources to follow those public health rules?
It puts the person at risk for contracting and… [+3291 chars]","Nova Scotia’s homeless population is more at risk to contract and spread COVID-19 because they don’t have the resources to follow public health rules of physical distancing, social isolating and proper hygiene, says an infectious disease researcher at the QEI…",2020-04-03T00:35:17Z,"{'id': 'cbc-news', 'name': 'CBC News'}","Without resources, Nova Scotia's homeless are more at risk for COVID-19",https://www.cbc.ca/news/canada/nova-scotia/nova-scotia-s-homeless-are-more-at-risk-for-covid-19-1.5520017,https://i.cbc.ca/1.3927312.1517706888!/fileImage/httpImage/image.jpg_gen/derivatives/16x9_620/homeless-man.jpg
96,Taryn Grant,"Advocates are calling for the temporary release of some inmates to prevent an outbreak of COVID-19 in Nova Scotia's jails.
East Coast Prison Justice Society and four other advocacy groups sent a letter with the request to the provincial ministers for health … [+3618 chars]","The East Coast Prison Justice Society is asking that intermittent inmates, primary support parents and inmates at high-risk for serious infections to be released into the community during the COVID-19 pandemic.",2020-03-16T19:55:23Z,"{'id': 'cbc-news', 'name': 'CBC News'}",Advocates call for temporary release of some inmates amid COVID-19 pandemic,https://www.cbc.ca/news/canada/nova-scotia/nova-scotia-jails-inmates-covid-19-1.5499417,https://i.cbc.ca/1.4715665.1529589697!/cpImage/httpImage/image.jpg_gen/derivatives/16x9_620/burnside-jail-intermittent-sentences-20180621.jpg
97,Cassidy Chisholm,"Lack of specific health data and misinformation could exacerbate racial discrimination and disproportionately affect African Nova Scotians during the COVID-19 pandemic, advocates say.
""We need to have out-loud conversations about the impacts of anti-black ra… [+3468 chars]","Lack of specific health data and misinformation could exacerbate racial discrimination and disproportionately affect African Nova Scotians during the COVID-19 pandemic, advocates say.",2020-04-09T21:46:45Z,"{'id': 'cbc-news', 'name': 'CBC News'}",Racial discrimination could exacerbate COVID-19 for African Nova Scotians: advocates,https://www.cbc.ca/news/canada/nova-scotia/racial-discrimination-covid-19-african-nova-scotians-1.5528542,https://i.cbc.ca/1.3636695.1466008849!/fileImage/httpImage/image.JPG_gen/derivatives/16x9_620/omisoore-dryden.JPG
98,,"Stars and Stripes is making stories on the coronavirus pandemic available free of charge. See other free reports here. Sign up for our daily coronavirus newsletter here. Please support our journalism with a subscription.
WASHINGTON Older people remain most a… [+6347 chars]","While it will be months before scientists have enough data to say for sure who is most at risk and why, preliminary numbers from early cases around the world are starting to offer hints.",2020-03-29T12:48:47Z,"{'id': None, 'name': 'Stripes.com'}",Age is not the only risk for severe coronavirus disease,https://www.stripes.com/news/us/age-is-not-the-only-risk-for-severe-coronavirus-disease-1.624117?utm_source=feedburner&utm_medium=feed&utm_campaign=Feed%3A+starsandstripes%2Fgeneral+%28Stars+and+Stripes%29,https://www.stripes.com/polopoly_fs/1.624118.1585485900!/image/image.jpg_gen/derivatives/landscape_490/image.jpg
99,Special to National Post,"The following was written by a group of health-care professionals who represent most of the Canadian physicians trained in both infectious diseases and critical care medicine. They are members of the Critical Care Infectious Diseases Network, Canada.
Canada … [+13697 chars]",A group of physicians trained in both infectious diseases and critical care medicine discuss what Canadian governments must do to prevent this country from finding itself in a similar situation to what Italy and Spain are experiencing,2020-03-17T18:54:08Z,"{'id': None, 'name': 'Nationalpost.com'}","Opinion: All levels of government must take decisive, co-ordinated action now — before it’s too late",https://nationalpost.com/opinion/opinion-all-levels-of-government-must-take-decisive-co-ordinated-action-now-before-its-too-late,https://nationalpostcom.files.wordpress.com/2020/03/health_care-e1584470048670.jpg
